Sample,Gene,Entrez,Category,Details
X-5627,A1BG,1,MutNovel,"S30G,1.000"
X-5627,ABCD1,215,Del0.8,0.73
X-5627,ACOT1,641371,Del0.8,0.74
X-5627,ACSL4,2182,Del0.8,0.72
X-5627,ACTA2,59,Del0.8,0.24
X-5627,ACTB,60,MutKnownFunctional,"-360?,0.247"
X-5627,ACTRT1,139741,Del0.8,0.73
X-5627,ADAM8,101,Del0.8,0.76
X-5627,ADM,133,Del0.8,0.76
X-5627,ADORA2B,136,Amp5,5.24
X-5627,AFF2,2334,Del0.8,0.72
X-5627,AGAP1,116987,Del0.8,0.72
X-5627,AGAP11,119385,Del0.8,0.71
X-5627,AGTR2,186,Del0.8,0.76
X-5627,AGXT,189,Del0.8,0.71
X-5627,AIFM1,9131,Del0.8,0.7
X-5627,AKAP10,11216,Amp5,5.24
X-5627,AKAP14,158798,Del0.8,0.73
X-5627,AKTIP,64400,Del0.8,0.28
X-5627,ALDH3A1,218,Amp5,5.24
X-5627,ALDH3A2,224,Amp5,5.24
X-5627,ALG13,79868,Del0.8,0.73
X-5627,ALG1L,200810,MutNovel,"M84T,0.500"
X-5627,ALG1L,200810,MutNovel,"V76A,0.500"
X-5627,ALKBH5,54890,Amp5,5.24
X-5627,ALKBH6,84964,Amp5,5.06
X-5627,ALPI,248,Del0.8,0.72
X-5627,ALPPL2,251,Del0.8,0.72
X-5627,AMELY,266,Del0.8,0.28
X-5627,AMMECR1,9949,Del0.8,0.72
X-5627,AMOT,154796,Del0.8,0.73
X-5627,AMY1A,276,Amp5,5.13
X-5627,ANKHD1-EIF4EBP3,404734,MutKnownFunctional,"-1460?,0.292"
X-5627,ANKRD22,118932,Del0.8,0.23
X-5627,ANKRD49,54851,Del0.8,0.71
X-5627,ANO7,50636,Del0.8,0.71
X-5627,AOC2,314,MutKnownFunctional,"-113?,0.714"
X-5627,APLN,8862,Del0.8,0.73
X-5627,APLP1,333,Amp5,5.06
X-5627,APOBEC3D,140564,MutNovel,"P257S,1.000"
X-5627,AQP12A,375318,Del0.8,0.71
X-5627,AQP12B,653437,Del0.8,0.71
X-5627,ARHGAP33,115703,Amp5,5.06
X-5627,ARHGAP36,158763,Del0.8,0.7
X-5627,ARHGAP4,393,Del0.8,0.73
X-5627,ARHGAP44,9912,Amp5,5.21
X-5627,ARHGEF6,9459,Del0.8,0.72
X-5627,ARL11,115761,Del0.8,0.23
X-5627,ARL4C,10123,Del0.8,0.72
X-5627,ARMC9,80210,Del0.8,0.69
X-5627,ARSA,410,MutNovel,"R116Q,0.424"
X-5627,ASB1,51665,Del0.8,0.73
X-5627,ASPN,54829,MutNovel,"E52VK,0.526"
X-5627,ATAD1,84896,Del0.8,0.23
X-5627,ATE1,11101,Del0.8,0.76
X-5627,ATG16L1,55054,Del0.8,0.72
X-5627,ATG4B,23192,Del0.8,0.71
X-5627,ATP1B4,23439,Del0.8,0.73
X-5627,ATP2B3,492,Del0.8,0.72
X-5627,ATP4A,495,Amp5,5.06
X-5627,ATP5G1,516,MutNovel,"R61Q,0.372"
X-5627,ATP6AP1,537,Del0.8,0.73
X-5627,ATP9B,374868,MutNovel,"V463L,0.513"
X-5627,ATPAF2,91647,Amp5,5.24
X-5627,ATXN1,6310,MutNovel,"Q204LSK,0.500"
X-5627,AVPR2,554,Del0.8,0.73
X-5627,B3GALT1,8708,Del0.8,0.7
X-5627,B3GNT7,93010,Del0.8,0.69
X-5627,B9D1,27077,Amp5,5.24
X-5627,BCHE,590,Amp5,5.06
X-5627,BCORP1,286554,Del0.8,0.2
X-5627,BGN,633,Del0.8,0.72
X-5627,BMPR1A,657,Del0.8,0.71
X-5627,BNIP3,664,Del0.8,0.76
X-5627,BOK,666,Del0.8,0.71
X-5627,BOK-AS1,100379249,Del0.8,0.71
X-5627,BPY2B,442867,Del0.8,0.07
X-5627,BPY2B,442867,Del0.8,0.12
X-5627,BRCC3,79184,Del0.8,0.73
X-5627,BRS3,680,Del0.8,0.72
X-5627,C10orf116,10974,Del0.8,0.71
X-5627,C10orf91,170393,Del0.8,0.76
X-5627,C16orf53,79447,MutNovel,"E23D,0.238"
X-5627,C17orf103,256302,Amp5,5.24
X-5627,C17orf39,79018,Amp5,5.24
X-5627,C17orf48,56985,Amp5,5.21
X-5627,C17orf51,339263,Amp5,5.24
X-5627,C17orf76-AS1,125144,Amp5,5.24
X-5627,C19orf55,148137,Amp5,5.06
X-5627,C1GALT1C1,29071,Del0.8,0.73
X-5627,C21orf56,84221,MutNovel,"G64R,1.000"
X-5627,C21orf58,54058,MutNovel,"H299PN,0.760"
X-5627,C2orf54,79919,Del0.8,0.71
X-5627,C2orf57,165100,Del0.8,0.69
X-5627,C2orf72,257407,Del0.8,0.69
X-5627,C2orf82,389084,Del0.8,0.72
X-5627,CA4,762,MutKnownFunctional,"-65?,0.294"
X-5627,CAB39,51719,Del0.8,0.69
X-5627,CAB39L,81617,Del0.8,0.2
X-5627,CALY,50632,Del0.8,0.76
X-5627,CAPN10,11132,Del0.8,0.71
X-5627,CAPN6,827,Del0.8,0.73
X-5627,CAPNS1,826,Amp5,5.06
X-5627,CBX4,8535,MutNovel,"HHH398-,0.489"
X-5627,CCDC142,84865,MutNovel,"Y305H,0.410"
X-5627,CCDC144A,9720,Amp5,5.24
X-5627,CCDC144B,284047,Amp5,5.24
X-5627,CCDC144C,348254,Amp5,5.24
X-5627,CCDC144NL,339184,Amp5,5.24
X-5627,CCDC160,347475,Del0.8,0.72
X-5627,CCDC66,285331,MutNovel,"S606SP,1.000"
X-5627,CCNE1,898,Amp5,5.58
X-5627,CD40LG,959,Del0.8,0.72
X-5627,CD99L2,83692,Del0.8,0.72
X-5627,CDADC1,81602,Del0.8,0.19
X-5627,CDK13,8621,MutNovel,"T670R,0.327"
X-5627,CDRT1,374286,Amp5,5.24
X-5627,CDRT15,146822,Amp5,5.24
X-5627,CDRT15L2,256223,Amp5,5.24
X-5627,CDRT15P1,94158,Amp5,5.24
X-5627,CDRT15P2,644694,Amp5,5.24
X-5627,CDRT4,284040,Amp5,5.24
X-5627,CDRT7,94150,Amp5,5.24
X-5627,CDY1B,253175,Del0.8,0.12
X-5627,CDY1B,253175,Del0.8,0.2
X-5627,CDY2A,9426,Del0.8,0.2
X-5627,CDY2A,9426,Del0.8,0.2
X-5627,CDY2B,203611,Del0.8,0.2
X-5627,CDY2B,203611,Del0.8,0.2
X-5627,CELSR1,9620,MutNovel,"D1950N,0.529"
X-5627,CENPV,201161,Amp5,5.24
X-5627,CETN2,1069,Del0.8,0.72
X-5627,CFL1P1,142913,Del0.8,0.17
X-5627,CH25H,9023,Del0.8,0.34
X-5627,CHD1,1105,Del0.8,0.67
X-5627,CHD9,80205,Del0.8,0.2
X-5627,CHRDL1,91851,Del0.8,0.72
X-5627,CHRND,1144,Del0.8,0.72
X-5627,CHRNG,1146,Del0.8,0.72
X-5627,CLIC2,1193,Del0.8,0.73
X-5627,CLIP3,25999,Amp5,5.06
X-5627,CLRN3,119467,Del0.8,0.76
X-5627,CNGA2,1260,Del0.8,0.72
X-5627,COBLL1,22837,MutKnownFunctional,"-907?,0.357"
X-5627,COL4A5,1287,Del0.8,0.68
X-5627,COL6A3,1293,Del0.8,0.73
X-5627,COPS3,8533,Amp5,5.24
X-5627,COPS7B,64708,Del0.8,0.73
X-5627,COPS8,10920,Del0.8,0.73
X-5627,COX10,1352,Amp5,5.24
X-5627,COX6B1,1340,Amp5,5.06
X-5627,COX7A1,1346,Amp5,5.06
X-5627,CRIPAK,285464,MutNovel,"V164A,0.300"
X-5627,CSAG1,158511,Del0.8,0.72
X-5627,CSAG2,728461,Del0.8,0.72
X-5627,CSAG2,728461,Del0.8,0.72
X-5627,CSAG3,389903,Del0.8,0.72
X-5627,CSAG3,389903,Del0.8,0.72
X-5627,CSPG4P1Y,114758,Del0.8,0.2
X-5627,CSPG4P1Y,114758,Del0.8,0.29
X-5627,CT45A1,541466,Del0.8,0.72
X-5627,CT45A2,728911,Del0.8,0.72
X-5627,CT45A3,441519,Del0.8,0.72
X-5627,CT45A4,441520,Del0.8,0.72
X-5627,CT45A4,441520,Del0.8,0.72
X-5627,CT45A5,441521,Del0.8,0.72
X-5627,CT45A6,541465,Del0.8,0.72
X-5627,CT47A1,728096,Del0.8,0.73
X-5627,CT47A10,728036,Del0.8,0.73
X-5627,CT47A6,728062,Del0.8,0.73
X-5627,CT47A7,653282,Del0.8,0.73
X-5627,CT47B1,643311,Del0.8,0.73
X-5627,CTAG1B,1485,Del0.8,0.73
X-5627,CTAG1B,1485,Del0.8,0.73
X-5627,CTAG2,30848,Del0.8,0.73
X-5627,CTAGE10P,220429,Del0.8,0.46
X-5627,CTAGE7P,119437,Del0.8,0.73
X-5627,CTSA,5476,MutNovel,"L29-,1.000"
X-5627,CTTNBP2,83992,MutNovel,"Q1111L,0.889"
X-5627,CUL4B,8450,Del0.8,0.73
X-5627,CXCR7,57007,Del0.8,0.73
X-5627,CXXC11,285093,Del0.8,0.71
X-5627,CXorf1,9142,Del0.8,0.72
X-5627,CXorf40A,91966,Del0.8,0.72
X-5627,CXorf40B,541578,Del0.8,0.72
X-5627,CXorf48,54967,Del0.8,0.72
X-5627,CXorf51A,100129239,Del0.8,0.72
X-5627,CXorf51A,100129239,Del0.8,0.72
X-5627,CXorf56,63932,Del0.8,0.73
X-5627,CXorf61,203413,Del0.8,0.73
X-5627,CXorf64,100130613,Del0.8,0.75
X-5627,CXorf68,100132963,Del0.8,0.73
X-5627,CXorf69,644538,Del0.8,0.72
X-5627,CYP2E1,1571,Del0.8,0.76
X-5627,D2HGDH,728294,Del0.8,0.71
X-5627,DAZ1,1617,Del0.8,0.2
X-5627,DAZ2,57055,Del0.8,0.13
X-5627,DAZ3,57054,Del0.8,0.12
X-5627,DAZ3,57054,Del0.8,0.07
X-5627,DAZ4,57135,Del0.8,0.1
X-5627,DAZ4,57135,Del0.8,0.14
X-5627,DCAF12L1,139170,Del0.8,0.75
X-5627,DCX,1641,Del0.8,0.73
X-5627,DDX26B,203522,Del0.8,0.72
X-5627,DDX3Y,8653,Del0.8,0.2
X-5627,DENND4B,9909,MutNovel,"QQQ908-,1.000"
X-5627,DGKD,8527,Del0.8,0.72
X-5627,DHRS7B,25979,Amp5,5.24
X-5627,DHRS7C,201140,Amp5,5.31
X-5627,DIAPH2,1730,Del0.8,0.68
X-5627,DIS3L2,129563,Del0.8,0.73
X-5627,DKC1,1736,Del0.8,0.73
X-5627,DKFZP434H168,26077,Del0.8,0.2
X-5627,DKFZp686D0853,401613,Del0.8,0.73
X-5627,DKFZp686K1684,440034,Del0.8,0.75
X-5627,DLEU1,10301,Del0.8,0.73
X-5627,DLEU2,8847,Del0.8,0.35
X-5627,DMKN,93099,Amp5,5.06
X-5627,DNAH9,1770,Amp5,5.21
X-5627,DNAJB3,414061,Del0.8,0.72
X-5627,DNASE1L1,1774,Del0.8,0.73
X-5627,DNER,92737,Del0.8,0.69
X-5627,DOCK11,139818,Del0.8,0.73
X-5627,DOK1,1796,MutNovel,"Q13H,0.765"
X-5627,DPY19L3,147991,Amp5,5.74
X-5627,DPYSL4,10570,Del0.8,0.76
X-5627,DRG2,1819,Amp5,5.24
X-5627,DTYMK,1841,Del0.8,0.71
X-5627,DUSP28,285193,Del0.8,0.71
X-5627,DUSP9,1852,Del0.8,0.72
X-5627,DUX2,26583,Del0.8,0.76
X-5627,DUX4,100288687,Del0.8,0.76
X-5627,DUX4L2,728410,Del0.8,0.76
X-5627,DUX4L3,653548,Del0.8,0.76
X-5627,EBF3,253738,Del0.8,0.73
X-5627,ECEL1,9427,Del0.8,0.72
X-5627,ECEL1P2,347694,Del0.8,0.72
X-5627,ECHS1,1892,Del0.8,0.76
X-5627,EFHD1,80303,Del0.8,0.72
X-5627,EIF1AY,9086,Del0.8,0.2
X-5627,EIF4E2,9470,Del0.8,0.72
X-5627,ELAC2,60528,Amp5,5.21
X-5627,ELAVL2,1993,MutNovel,"C11Y,0.265"
X-5627,ELF4,2000,Del0.8,0.7
X-5627,ELL3,80237,MutNovel,"P47R,0.529"
X-5627,EMD,2010,Del0.8,0.73
X-5627,EML4,27436,MutNovel,"S978L,0.269"
X-5627,ENOX2,10495,Del0.8,0.7
X-5627,ENTPD5,957,MutNovel,"T220I,0.235"
X-5627,EP400,57634,MutNovel,"A1473T,0.400"
X-5627,EPN2,22905,Amp5,5.24
X-5627,ERCC4,2072,MutNovel,"L254S,0.655"
X-5627,ESPNL,339768,Del0.8,0.73
X-5627,ETFB,2109,MutKnownFunctional,"-93?,0.550"
X-5627,ETV2,2116,Amp5,5.06
X-5627,EVPLL,645027,Amp5,5.24
X-5627,F8,2157,Del0.8,0.73
X-5627,F8A1,8263,Del0.8,0.73
X-5627,F8A1,8263,Del0.8,0.73
X-5627,FAM106A,80039,Amp5,5.24
X-5627,FAM106CP,100129396,Amp5,5.24
X-5627,FAM122B,159090,Del0.8,0.72
X-5627,FAM122C,159091,Del0.8,0.72
X-5627,FAM127A,8933,Del0.8,0.72
X-5627,FAM127B,26071,Del0.8,0.72
X-5627,FAM127C,441518,Del0.8,0.72
X-5627,FAM129B,64855,MutNovel,"R438Q,0.327"
X-5627,FAM133A,286499,Del0.8,0.74
X-5627,FAM18B1,51030,Amp5,5.24
X-5627,FAM18B2,201158,Amp5,5.24
X-5627,FAM18B2-CDRT4,100533496,Amp5,5.24
X-5627,FAM196A,642938,Del0.8,0.76
X-5627,FAM197Y2P,252946,Del0.8,0.2
X-5627,FAM211A,388341,Amp5,5.24
X-5627,FAM25A,643161,Del0.8,0.71
X-5627,FAM27L,284123,Amp5,5.24
X-5627,FAM3A,60343,Del0.8,0.73
X-5627,FAM41AY1,340618,Del0.8,0.2
X-5627,FAM41AY1,340618,Del0.8,0.2
X-5627,FAM45B,55855,Del0.8,0.7
X-5627,FAM50A,9130,Del0.8,0.73
X-5627,FAM58A,92002,Del0.8,0.72
X-5627,FAM59A,64762,MutNovel,"D749V,0.345"
X-5627,FAM70A,55026,Del0.8,0.73
X-5627,FAM83G,644815,Amp5,5.24
X-5627,FARP2,9855,Del0.8,0.71
X-5627,FAS,355,Del0.8,0.31
X-5627,FAS-AS1,100302740,Del0.8,0.31
X-5627,FATE1,89885,Del0.8,0.72
X-5627,FBXO33,254170,MutNovel,"S256C,0.242"
X-5627,FBXO36,130888,Del0.8,0.69
X-5627,FBXW10,10517,Amp5,5.24
X-5627,FFAR2,2867,Amp5,5.06
X-5627,FFAR3,2865,Amp5,5.06
X-5627,FGFR1OP,11116,MutNovel,"T55S,0.671"
X-5627,FHL1,2273,Del0.8,0.72
X-5627,FLCN,201163,Amp5,5.24
X-5627,FLG,2312,MutNovel,"E3624D,0.286"
X-5627,FLII,2314,Amp5,5.24
X-5627,FLJ34690,284034,Amp5,5.21
X-5627,FLJ35946,503569,Del0.8,0.67
X-5627,FLJ36000,284124,Amp5,5.24
X-5627,FLJ37201,283011,Del0.8,0.8
X-5627,FLJ43879,401039,Del0.8,0.73
X-5627,FLJ46300,399827,Del0.8,0.76
X-5627,FLNA,2316,Del0.8,0.73
X-5627,FMR1,2332,Del0.8,0.72
X-5627,FMR1-AS1,100126270,Del0.8,0.72
X-5627,FMR1NB,158521,Del0.8,0.72
X-5627,FNDC1,84624,MutNovel,"ATTRRTT1471A,1.000"
X-5627,FNDC3A,22862,Del0.8,0.22
X-5627,FOLR4,390243,Del0.8,0.74
X-5627,FOXI2,399823,Del0.8,0.76
X-5627,FOXO3B,2310,Amp5,5.24
X-5627,FRG2B,441581,Del0.8,0.76
X-5627,FRMD7,90167,Del0.8,0.72
X-5627,FUNDC2,65991,Del0.8,0.73
X-5627,FUT4,2526,Del0.8,0.71
X-5627,G6PD,2539,Del0.8,0.73
X-5627,GAB3,139716,Del0.8,0.73
X-5627,GABRA3,2556,Del0.8,0.72
X-5627,GABRE,2564,Del0.8,0.72
X-5627,GABRQ,55879,Del0.8,0.72
X-5627,GAL3ST2,64090,Del0.8,0.71
X-5627,GAPDHS,26330,Amp5,5.06
X-5627,GAS7,8522,Amp5,5.31
X-5627,GBX2,2637,Del0.8,0.72
X-5627,GDI1,2664,Del0.8,0.73
X-5627,GIGYF2,26058,MutNovel,"PQ1231P,1.000"
X-5627,GIGYF2,26058,Del0.8,0.72
X-5627,GINS4,84296,MutNovel,"E111K,0.206"
X-5627,GLP2R,9340,Amp5,5.31
X-5627,GLRX3,10539,Del0.8,0.73
X-5627,GLUD1,2746,Del0.8,0.71
X-5627,GLUD2,2747,Del0.8,0.73
X-5627,GNAO1,2775,Del0.8,0.54
X-5627,GOLGA2P2Y,84559,Del0.8,0.2
X-5627,GOLGA2P2Y,84559,Del0.8,0.29
X-5627,GPC1,2817,Del0.8,0.73
X-5627,GPR101,83550,Del0.8,0.72
X-5627,GPR112,139378,Del0.8,0.72
X-5627,GPR119,139760,Del0.8,0.7
X-5627,GPR123,84435,Del0.8,0.76
X-5627,GPR146,115330,MutNovel,"V103M,0.429"
X-5627,GPR35,2859,Del0.8,0.71
X-5627,GPR50,9248,Del0.8,0.72
X-5627,GPR55,9290,Del0.8,0.69
X-5627,GPR83,10888,Del0.8,0.71
X-5627,GRAP,10750,Amp5,5.24
X-5627,GRAPL,400581,Amp5,5.24
X-5627,GRIA3,2892,Del0.8,0.73
X-5627,GRIP2,80852,MutKnownFunctional,"-437?,1.000"
X-5627,GSK3A,2931,MutNovel,"M56T,1.000"
X-5627,GSTM1,2944,Del0.8,0.71
X-5627,GSTT1,2952,Amp5,6.15
X-5627,GUCY2F,2986,Del0.8,0.72
X-5627,GUSB,2990,MutNovel,"R296H,0.705"
X-5627,GYG2P1,352887,Del0.8,0.2
X-5627,H2AFB1,474382,Del0.8,0.73
X-5627,H2AFB1,474382,Del0.8,0.73
X-5627,HAUS5,23354,Amp5,5.06
X-5627,HAUS7,55559,Del0.8,0.72
X-5627,HCFC1,3054,Del0.8,0.73
X-5627,HCST,10870,Amp5,5.06
X-5627,HDAC4,9759,Del0.8,0.73
X-5627,HDLBP,3069,Del0.8,0.71
X-5627,HEATR5B,54497,MutKnownFunctional,"R800*,0.545"
X-5627,HERC2,8924,MutNovel,"T1638A,0.597"
X-5627,HES6,55502,Del0.8,0.73
X-5627,HIVEP1,3096,MutNovel,"V2705M,0.532"
X-5627,HJURP,55355,Del0.8,0.72
X-5627,HKR1,284459,Amp5,5.06
X-5627,HLA-G,3135,MutKnownFunctional,"A48*,1.000"
X-5627,HLA-G,3135,MutNovel,"D63A,1.000"
X-5627,HLA-G,3135,MutNovel,"L303Q,1.000"
X-5627,HLA-G,3135,MutNovel,"M309A,1.000"
X-5627,HMGB3,3149,Del0.8,0.72
X-5627,HNRNPU,3192,MutNovel,"E416K,0.627"
X-5627,HOXA1,3198,MutNovel,"HHHH69H,1.000"
X-5627,HPRT1,3251,Del0.8,0.72
X-5627,HS3ST3B1,9953,Amp5,5.24
X-5627,HS6ST2,90161,Del0.8,0.72
X-5627,HSFX2,100130086,Del0.8,0.72
X-5627,HSFX2,100130086,Del0.8,0.72
X-5627,HSFY2,159119,Del0.8,0.2
X-5627,HSFY2,159119,Del0.8,0.2
X-5627,HSPB6,126393,Amp5,5.06
X-5627,HTATSF1,27336,Del0.8,0.72
X-5627,HTR2B,3357,Del0.8,0.69
X-5627,HTR2C,3358,Del0.8,0.73
X-5627,IDH3G,3421,Del0.8,0.73
X-5627,IDS,3423,Del0.8,0.72
X-5627,IFIT1,3434,Del0.8,0.24
X-5627,IFIT1B,439996,Del0.8,0.18
X-5627,IFIT2,3433,Del0.8,0.35
X-5627,IFIT3,3437,Del0.8,0.35
X-5627,IFIT5,24138,Del0.8,0.31
X-5627,IGFLR1,79713,Amp5,5.06
X-5627,IGFN1,91156,MutNovel,"K1635E,0.486"
X-5627,IKBKG,8517,Del0.8,0.73
X-5627,IL13RA1,3597,MutNovel,"G21D,0.921"
X-5627,IL13RA1,3597,Del0.8,0.73
X-5627,IL13RA2,3598,Del0.8,0.76
X-5627,IL9R,3581,Del0.8,0.78
X-5627,ILKAP,80895,Del0.8,0.73
X-5627,ING5,84289,Del0.8,0.71
X-5627,INPP5A,3632,Del0.8,0.76
X-5627,INPP5D,3635,Del0.8,0.72
X-5627,IQCA1,79781,Del0.8,0.73
X-5627,IRAK1,3654,Del0.8,0.73
X-5627,IRF2BP2,359948,MutNovel,"P118S,1.000"
X-5627,IRS4,8471,Del0.8,0.68
X-5627,ITM2C,81618,Del0.8,0.69
X-5627,KCNE1L,23630,Del0.8,0.72
X-5627,KCNJ12,3768,Amp5,5.24
X-5627,KCNJ13,3769,Del0.8,0.72
X-5627,KCNRG,283518,Del0.8,0.73
X-5627,KDM5D,8284,Del0.8,0.2
X-5627,KIAA1210,57481,Del0.8,0.73
X-5627,KIF15,56992,MutNovel,"A225T,1.000"
X-5627,KIF1A,547,Del0.8,0.71
X-5627,KIF20B,9585,MutNovel,"L1062LKV,1.000"
X-5627,KIF20B,9585,Del0.8,0.8
X-5627,KIRREL2,84063,Amp5,5.06
X-5627,KLF10,7071,MutNovel,"S263C,1.000"
X-5627,KLHL13,90293,Del0.8,0.73
X-5627,KLHL30,377007,Del0.8,0.73
X-5627,KLLN,100144748,Del0.8,0.37
X-5627,KNDC1,85442,Del0.8,0.76
X-5627,KPNA3,3839,Del0.8,0.44
X-5627,KRT16P2,400578,Amp5,5.24
X-5627,KRT16P3,644945,Amp5,5.24
X-5627,KRTDAP,388533,Amp5,5.06
X-5627,L1CAM,3897,Del0.8,0.73
X-5627,LAGE3,8270,Del0.8,0.73
X-5627,LAMP2,3920,Del0.8,0.73
X-5627,LARP7,51574,MutNovel,"KE244K,0.599"
X-5627,LCE1D,353134,Del0.8,0.44
X-5627,LCE3C,353144,Del0.8,0.28
X-5627,LDB3,11155,Del0.8,0.71
X-5627,LGALS9B,284194,Amp5,5.24
X-5627,LGALS9C,654346,Amp5,5.24
X-5627,LHFPL1,340596,Del0.8,0.73
X-5627,LIN37,55957,Amp5,5.06
X-5627,LINC00086,399668,Del0.8,0.72
X-5627,LINC00087,644596,Del0.8,0.72
X-5627,LINC00471,151477,Del0.8,0.69
X-5627,LIPA,3988,Del0.8,0.24
X-5627,LIPF,8513,Del0.8,0.22
X-5627,LIPJ,142910,Del0.8,0.22
X-5627,LIPK,643414,Del0.8,0.21
X-5627,LIPM,340654,Del0.8,0.33
X-5627,LIPN,643418,Del0.8,0.21
X-5627,LLGL1,3996,Amp5,5.24
X-5627,LOC100128420,100128420,Del0.8,0.72
X-5627,LOC100128682,100128682,Amp5,5.06
X-5627,LOC100129515,100129515,Del0.8,0.72
X-5627,LOC100131434,100131434,Del0.8,0.72
X-5627,LOC100134317,100134317,Amp5,5.06
X-5627,LOC100272228,100272228,Del0.8,0.72
X-5627,LOC100286922,100286922,Del0.8,0.72
X-5627,LOC100289200,None,MutNovel,"AAV15A,0.800"
X-5627,LOC100289230,100289230,Del0.8,0.67
X-5627,LOC100289255,100289255,Amp5,5.21
X-5627,LOC100505835,100505835,Amp5,5.06
X-5627,LOC100506469,100506469,Amp5,5.06
X-5627,LOC100506757,100506757,Del0.8,0.72
X-5627,LOC100506930,100506930,Amp5,5.06
X-5627,LOC100507404,100507404,Del0.8,0.73
X-5627,LOC100507404,100507404,Del0.8,0.73
X-5627,LOC100507433,100507433,Amp5,5.06
X-5627,LOC148145,148145,Amp5,5.06
X-5627,LOC148189,148189,Amp5,5.06
X-5627,LOC150935,150935,Del0.8,0.73
X-5627,LOC151171,151171,Del0.8,0.73
X-5627,LOC151174,151174,Del0.8,0.73
X-5627,LOC151475,151475,Del0.8,0.69
X-5627,LOC151484,151484,Del0.8,0.69
X-5627,LOC200772,200772,Del0.8,0.71
X-5627,LOC283856,283856,Del0.8,0.14
X-5627,LOC284395,284395,Amp5,5.06
X-5627,LOC284412,284412,Amp5,5.06
X-5627,LOC286467,286467,Del0.8,0.72
X-5627,LOC339240,339240,Amp5,5.24
X-5627,LOC348120,348120,Amp5,5.03
X-5627,LOC348761,348761,Del0.8,0.69
X-5627,LOC387723,387723,Del0.8,0.73
X-5627,LOC391322,391322,Amp5,6.15
X-5627,LOC554223,554223,MutNovel,"T110C,1.000"
X-5627,LOC554223,554223,MutNovel,"A117G,1.000"
X-5627,LOC554223,554223,MutNovel,"S181R,1.000"
X-5627,LOC619207,619207,Del0.8,0.76
X-5627,LOC643037,643037,Del0.8,0.71
X-5627,LOC643387,643387,Del0.8,0.73
X-5627,LOC643486,643486,Del0.8,0.75
X-5627,LOC643529,643529,Del0.8,0.8
X-5627,LOC644189,644189,Amp5,5.06
X-5627,LOC644554,644554,Amp5,5.06
X-5627,LOC647107,647107,Amp5,5.06
X-5627,LOC728047,None,MutNovel,"P78L,1.000"
X-5627,LOC728323,728323,Del0.8,0.55
X-5627,LOC728752,728752,Amp5,5.06
X-5627,LOC729162,None,MutKnownFunctional,"R44*,1.000"
X-5627,LONRF3,79836,Del0.8,0.73
X-5627,LPAR6,10161,Del0.8,0.22
X-5627,LRCH2,57631,Del0.8,0.76
X-5627,LRFN3,79414,Amp5,5.06
X-5627,LRRC27,80313,Del0.8,0.76
X-5627,LRRC48,83450,Amp5,5.24
X-5627,LRRFIP1,9208,Del0.8,0.63
X-5627,LSR,51599,MutNovel,"G518GR,1.000"
X-5627,LUZP4,51213,Del0.8,0.76
X-5627,MAGEA1,4100,Del0.8,0.72
X-5627,MAGEA10,4109,Del0.8,0.72
X-5627,MAGEA10-MAGEA5,100533997,Del0.8,0.72
X-5627,MAGEA11,4110,Del0.8,0.72
X-5627,MAGEA12,4111,Del0.8,0.72
X-5627,MAGEA2,4101,Del0.8,0.72
X-5627,MAGEA2,4101,Del0.8,0.72
X-5627,MAGEA3,4102,Del0.8,0.72
X-5627,MAGEA4,4103,Del0.8,0.72
X-5627,MAGEA5,4104,Del0.8,0.72
X-5627,MAGEA6,4105,Del0.8,0.72
X-5627,MAGEA8,4107,Del0.8,0.72
X-5627,MAGEA9B,728269,Del0.8,0.72
X-5627,MAGEA9B,728269,Del0.8,0.72
X-5627,MAGEC1,9947,MutNovel,"L316V,0.928"
X-5627,MAGEC2,51438,Del0.8,0.72
X-5627,MAGEF1,64110,MutKnownFunctional,"-18?,0.760"
X-5627,MAGI1,9223,MutNovel,"Q421HR,1.000"
X-5627,MAMLD1,10046,Del0.8,0.72
X-5627,MAP2K3,5606,Amp5,5.24
X-5627,MAP2K4,6416,Amp5,5.21
X-5627,MAP7D3,79649,Del0.8,0.72
X-5627,MAPK7,5598,Amp5,5.24
X-5627,MAZ,4150,MutNovel,"C454Y,0.703"
X-5627,MBNL3,55796,Del0.8,0.72
X-5627,MCCC1,56922,MutNovel,"R385S,0.394"
X-5627,MCTS1,28985,Del0.8,0.73
X-5627,MDM2,4193,MutNovel,"I372V,0.784"
X-5627,MECP2,4204,Del0.8,0.73
X-5627,MED15,51586,MutNovel,"-251Q,0.410"
X-5627,MED9,55090,Amp5,5.24
X-5627,MEF2A,4205,MutNovel,"Q412-,0.488"
X-5627,MEIS3P1,4213,Amp5,5.24
X-5627,MFAP4,4239,Amp5,5.24
X-5627,MFSD10,10227,MutKnownFunctional,"-112,0.479"
X-5627,MGAT1,4245,MutNovel,"R52W,0.672"
X-5627,MGC12916,84815,Amp5,5.24
X-5627,MGC16025,85009,Del0.8,0.73
X-5627,MGC16121,84848,Del0.8,0.72
X-5627,MGMT,4255,Del0.8,0.73
X-5627,MINPP1,9562,Del0.8,0.17
X-5627,MIR105-1,406897,Del0.8,0.72
X-5627,MIR105-2,406898,Del0.8,0.72
X-5627,MIR106A,406899,Del0.8,0.72
X-5627,MIR107,406901,Del0.8,0.23
X-5627,MIR1180,100302256,Amp5,5.24
X-5627,MIR1184-1,100302111,Del0.8,0.73
X-5627,MIR1184-1,100302111,Del0.8,0.73
X-5627,MIR1244-1,100302285,Del0.8,0.73
X-5627,MIR1264,100302251,Del0.8,0.73
X-5627,MIR1277,100302214,Del0.8,0.73
X-5627,MIR1288,100302124,Amp5,5.24
X-5627,MIR1298,100302153,Del0.8,0.73
X-5627,MIR1471,100302126,Del0.8,0.73
X-5627,MIR149,406941,Del0.8,0.73
X-5627,MIR16-1,406950,Del0.8,0.73
X-5627,MIR18B,574033,Del0.8,0.72
X-5627,MIR1911,100302222,Del0.8,0.73
X-5627,MIR1912,100302144,Del0.8,0.73
X-5627,MIR19B2,406981,Del0.8,0.72
X-5627,MIR202,574448,Del0.8,0.76
X-5627,MIR20B,574032,Del0.8,0.72
X-5627,MIR2114,100313839,Del0.8,0.72
X-5627,MIR2467,100616360,Del0.8,0.73
X-5627,MIR3202-1,100422987,Del0.8,0.73
X-5627,MIR3202-2,100422877,Del0.8,0.73
X-5627,MIR33B,693120,Amp5,5.24
X-5627,MIR346,442911,Del0.8,0.71
X-5627,MIR3613,100500908,Del0.8,0.73
X-5627,MIR363,574031,Del0.8,0.72
X-5627,MIR3935,100500891,Del0.8,0.2
X-5627,MIR3944,100500911,Del0.8,0.76
X-5627,MIR3978,100616491,Del0.8,0.72
X-5627,MIR424,494336,Del0.8,0.72
X-5627,MIR4269,100423043,Del0.8,0.73
X-5627,MIR4297,100422873,Del0.8,0.73
X-5627,MIR4329,100423009,Del0.8,0.73
X-5627,MIR4330,100422930,Del0.8,0.72
X-5627,MIR4440,100616397,Del0.8,0.73
X-5627,MIR4441,100616493,Del0.8,0.73
X-5627,MIR448,554212,Del0.8,0.73
X-5627,MIR450A1,554214,Del0.8,0.72
X-5627,MIR450A2,574505,Del0.8,0.72
X-5627,MIR450B,100126302,Del0.8,0.72
X-5627,MIR452,574412,Del0.8,0.72
X-5627,MIR4678,100616296,Del0.8,0.1
X-5627,MIR4679-1,100616128,Del0.8,0.2
X-5627,MIR4679-2,100616192,Del0.8,0.2
X-5627,MIR4731,100616125,Amp5,5.24
X-5627,MIR4777,100616317,Del0.8,0.69
X-5627,MIR4786,100616417,Del0.8,0.73
X-5627,MIR503,574506,Del0.8,0.72
X-5627,MIR506,574511,Del0.8,0.72
X-5627,MIR507,574512,Del0.8,0.72
X-5627,MIR508,574513,Del0.8,0.72
X-5627,MIR509-1,574514,Del0.8,0.72
X-5627,MIR510,574515,Del0.8,0.72
X-5627,MIR514A1,574516,Del0.8,0.72
X-5627,MIR514A2,574517,Del0.8,0.72
X-5627,MIR514B,100422847,Del0.8,0.72
X-5627,MIR542,664617,Del0.8,0.72
X-5627,MIR718,100313781,Del0.8,0.73
X-5627,MIR744,100126313,Amp5,5.21
X-5627,MIR764,100313838,Del0.8,0.73
X-5627,MIR766,768218,Del0.8,0.73
X-5627,MIR767,768215,Del0.8,0.72
X-5627,MIR888,100126306,Del0.8,0.72
X-5627,MIR890,100126303,Del0.8,0.72
X-5627,MIR891A,100126341,Del0.8,0.72
X-5627,MIR891B,100126304,Del0.8,0.72
X-5627,MIR892A,100126342,Del0.8,0.72
X-5627,MIR892B,100126307,Del0.8,0.72
X-5627,MIR92A2,407049,Del0.8,0.72
X-5627,MIR934,100126324,Del0.8,0.72
X-5627,MKI67,4288,Del0.8,0.56
X-5627,MLL4,9757,Amp5,5.06
X-5627,MLNR,2862,Del0.8,0.3
X-5627,MLPH,79083,Del0.8,0.73
X-5627,MMGT1,93380,Del0.8,0.72
X-5627,MMRN2,79812,Del0.8,0.71
X-5627,MOSPD1,56180,Del0.8,0.72
X-5627,MPP1,4354,Del0.8,0.73
X-5627,MPRIP,23164,Amp5,5.24
X-5627,MRE11A,4361,Del0.8,0.71
X-5627,MRPS34,65993,MutNovel,"D90N,0.676"
X-5627,MSH6,2956,MutNovel,"I1019V,0.318"
X-5627,MSL3P1,151507,Del0.8,0.72
X-5627,MST4,51765,Del0.8,0.72
X-5627,MT1H,4496,MutNovel,"I49V,1.000"
X-5627,MTCP1,4515,Del0.8,0.73
X-5627,MTCP1NB,100272147,Del0.8,0.73
X-5627,MTERFD2,130916,Del0.8,0.71
X-5627,MTG1,92170,Del0.8,0.76
X-5627,MTM1,4534,Del0.8,0.72
X-5627,MTMR1,8776,Del0.8,0.72
X-5627,MTRNR2L1,100462977,Amp5,5.24
X-5627,MYEOV2,150678,Del0.8,0.73
X-5627,MYH1,4619,Amp5,5.21
X-5627,MYH13,8735,Amp5,5.31
X-5627,MYH2,4620,Amp5,5.21
X-5627,MYH3,4621,Amp5,5.21
X-5627,MYH4,4622,Amp5,6.5
X-5627,MYH8,4626,Amp5,6.54
X-5627,MYO15A,51168,Amp5,5.24
X-5627,MYOCD,93649,Amp5,5.21
X-5627,NAA10,8260,Del0.8,0.73
X-5627,NAP1L3,4675,Del0.8,0.74
X-5627,NBEAL1,65065,MutNovel,"D80H,1.000"
X-5627,NBPF12,None,MutNovel,"S266C,0.467"
X-5627,NBPF9,400818,MutNovel,"R19W,0.455"
X-5627,NCL,4691,Del0.8,0.69
X-5627,NCOA1,8648,MutNovel,"A737V,0.218"
X-5627,NCOR1,9611,MutNovel,"V751D,0.532"
X-5627,NCOR1,9611,Amp5,5.24
X-5627,NCOR2,9612,MutNovel,"G1839GAAA,1.000"
X-5627,NCOR2,9612,MutNovel,"-511S,0.987"
X-5627,NCRNA00185,55410,Del0.8,0.2
X-5627,NDN,4692,MutNovel,"P88S,0.500"
X-5627,NDUFA1,4694,Del0.8,0.73
X-5627,NDUFA10,4705,Del0.8,0.73
X-5627,NEU2,4759,Del0.8,0.72
X-5627,NEU4,129807,Del0.8,0.71
X-5627,NFKBID,84807,Amp5,5.06
X-5627,NGEF,25791,Del0.8,0.72
X-5627,NKAP,79576,Del0.8,0.73
X-5627,NKAPP1,158801,Del0.8,0.73
X-5627,NKRF,55922,Del0.8,0.73
X-5627,NKX6-2,84504,Del0.8,0.76
X-5627,NLGN4Y,22829,Del0.8,0.2
X-5627,NME3,4832,MutNovel,"T7I,0.390"
X-5627,NMUR1,10316,Del0.8,0.69
X-5627,NPC1,4864,MutNovel,"N1156S,0.482"
X-5627,NPHS1,4868,Amp5,5.06
X-5627,NPPC,4880,Del0.8,0.73
X-5627,NPS,594857,Del0.8,0.76
X-5627,NR4A1,3164,MutNovel,"R329Q,0.520"
X-5627,NSDHL,50814,Del0.8,0.72
X-5627,NSMCE4A,54780,Del0.8,0.76
X-5627,NSUN4,387338,MutNovel,"R15H,0.586"
X-5627,NT5M,56953,Amp5,5.24
X-5627,NXT2,55916,Del0.8,0.72
X-5627,OBSCN,84033,MutNovel,"K1347R,1.000"
X-5627,OCRL,4952,Del0.8,0.73
X-5627,ODZ1,10178,Del0.8,0.48
X-5627,OPN1LW,5956,Del0.8,0.73
X-5627,OPN1MW,2652,Del0.8,0.73
X-5627,OPN4,94233,Del0.8,0.71
X-5627,OR13H1,347468,Del0.8,0.72
X-5627,OR2T3,343173,Del0.8,0.65
X-5627,OR52N1,79473,Del0.8,0.47
X-5627,OR52N5,390075,Del0.8,0.16
X-5627,OR6B2,389090,Del0.8,0.73
X-5627,OR6B3,150681,Del0.8,0.73
X-5627,ORAI1,84876,MutNovel,"PP43-,1.000"
X-5627,OTOS,150677,Del0.8,0.73
X-5627,OXLD1,None,MutNovel,"R117G,0.382"
X-5627,PAK3,5063,Del0.8,0.73
X-5627,PANK1,53354,Del0.8,0.43
X-5627,PAOX,196743,Del0.8,0.76
X-5627,PAPSS2,9060,Del0.8,0.2
X-5627,PASD1,139135,Del0.8,0.72
X-5627,PASK,23178,Del0.8,0.71
X-5627,PCDH11X,27328,Del0.8,0.5
X-5627,PCDH11Y,83259,Del0.8,0.28
X-5627,PCDHB9,56127,MutNovel,"P677H,0.800"
X-5627,PCDHGC5,56097,MutNovel,"N448S,0.333"
X-5627,PCSK9,255738,MutNovel,"-15L,0.375"
X-5627,PDCD1,5133,Del0.8,0.71
X-5627,PDE6D,5147,Del0.8,0.73
X-5627,PDZD4,57595,Del0.8,0.73
X-5627,PEMT,10400,Amp5,5.24
X-5627,PER2,8864,Del0.8,0.73
X-5627,PEX1,5189,MutNovel,"D68E,0.567"
X-5627,PGRMC1,10857,Del0.8,0.73
X-5627,PHF11,51131,Del0.8,0.21
X-5627,PHF6,84295,Del0.8,0.72
X-5627,PHLDA1,22822,MutNovel,"QQ194Q,1.000"
X-5627,PID1,55022,Del0.8,0.69
X-5627,PIGL,9487,Amp5,5.24
X-5627,PIRT,644139,Amp5,5.21
X-5627,PITRM1,10531,MutNovel,"H254R,0.610"
X-5627,PIWIL4,143689,Del0.8,0.71
X-5627,PKD2,5311,MutNovel,"N434K,0.312"
X-5627,PLAC1,10761,Del0.8,0.72
X-5627,PLD6,201164,Amp5,5.24
X-5627,PLEKHF1,79156,Amp5,5.06
X-5627,PLS3,5358,Del0.8,0.76
X-5627,PLXNA3,55558,Del0.8,0.73
X-5627,PLXNB3,5365,Del0.8,0.73
X-5627,PMP22,5376,Amp5,5.24
X-5627,PNMA3,29944,Del0.8,0.72
X-5627,PNMA5,114824,Del0.8,0.72
X-5627,PNMA6A,84968,Del0.8,0.72
X-5627,PNMA6A,84968,Del0.8,0.72
X-5627,PNMA6C,100287428,Del0.8,0.72
X-5627,PNMA6D,100287466,Del0.8,0.72
X-5627,PNMA6D,100287466,Del0.8,0.72
X-5627,POLR2I,5438,Amp5,5.06
X-5627,POP4,10775,Amp5,5.06
X-5627,POTEE,445582,MutNovel,"V1041I,1.000"
X-5627,POTEE,445582,MutNovel,"V1041T,1.000"
X-5627,POTEE,445582,MutKnownFunctional,"-1060?,1.000"
X-5627,POTEF,728378,MutKnownFunctional,"-1060?,1.000"
X-5627,POTEI,None,MutKnownFunctional,"-1060?,1.000"
X-5627,POTEI,None,MutNovel,"G1042D,1.000"
X-5627,PP14571,100130449,Del0.8,0.73
X-5627,PPP1R7,5510,Del0.8,0.71
X-5627,PPP2R1A,5518,MutNovel,"A3V,0.289"
X-5627,PPP2R2D,55844,Del0.8,0.76
X-5627,PRAP1,118471,Del0.8,0.76
X-5627,PRKY,5616,Del0.8,0.28
X-5627,PRLH,51052,Del0.8,0.73
X-5627,PRODH2,58510,Amp5,5.06
X-5627,PRPSAP2,5636,Amp5,5.24
X-5627,PRR14L,253143,MutKnownFunctional,"Q1194*,0.408"
X-5627,PRR21,643905,Del0.8,0.73
X-5627,PRRG3,79057,Del0.8,0.72
X-5627,PRSS56,646960,Del0.8,0.72
X-5627,PRY,9081,Del0.8,0.2
X-5627,PRY,9081,Del0.8,0.2
X-5627,PRY2,442862,Del0.8,0.2
X-5627,PRY2,442862,Del0.8,0.2
X-5627,PSENEN,55851,Amp5,5.06
X-5627,PSMD1,5707,Del0.8,0.69
X-5627,PTCH1,5727,MutNovel,"P1315F,1.000"
X-5627,PTEN,5728,Del0.8,0.5
X-5627,PTMA,5757,Del0.8,0.73
X-5627,PTPRE,5791,Del0.8,0.76
X-5627,PWWP2B,170394,Del0.8,0.76
X-5627,RAB17,64284,Del0.8,0.73
X-5627,RAB33A,9363,Del0.8,0.7
X-5627,RAB39B,116442,Del0.8,0.73
X-5627,RAI1,10743,Amp5,5.24
X-5627,RAMP1,10267,Del0.8,0.73
X-5627,RAP2C,57826,Del0.8,0.72
X-5627,RASD1,51655,Amp5,5.24
X-5627,RB1,5925,Del0.8,0.37
X-5627,RBL2,5934,Del0.8,0.28
X-5627,RBM42,79171,Amp5,5.06
X-5627,RBM44,375316,Del0.8,0.73
X-5627,RBMX,27316,Del0.8,0.72
X-5627,RBMX2,51634,Del0.8,0.7
X-5627,RBMXL3,139804,Del0.8,0.76
X-5627,RBMY1A3P,286557,Del0.8,0.2
X-5627,RBMY1B,378948,Del0.8,0.2
X-5627,RBMY1B,378948,Del0.8,0.2
X-5627,RBMY1E,378950,Del0.8,0.2
X-5627,RBMY1E,378950,Del0.8,0.2
X-5627,RBMY1F,159163,Del0.8,0.2
X-5627,RBMY1F,159163,Del0.8,0.2
X-5627,RBMY1J,378951,Del0.8,0.2
X-5627,RBMY1J,378951,Del0.8,0.2
X-5627,RBMY2EP,159125,Del0.8,0.2
X-5627,RBMY2FP,159162,Del0.8,0.2
X-5627,RBMY3AP,64593,Del0.8,0.2
X-5627,RCBTB1,55213,Del0.8,0.21
X-5627,RCBTB2,1102,Del0.8,0.18
X-5627,RCVRN,5957,Amp5,5.31
X-5627,RENBP,5973,Del0.8,0.73
X-5627,RGAG1,57529,Del0.8,0.72
X-5627,RGMB,285704,Del0.8,0.67
X-5627,RHOXF1,158800,Del0.8,0.73
X-5627,RHOXF2B,727940,Del0.8,0.73
X-5627,RHOXF2B,727940,Del0.8,0.73
X-5627,RIN3,79890,MutNovel,"G967-,1.000"
X-5627,RNF112,7732,Amp5,5.24
X-5627,RNF113A,7737,Del0.8,0.73
X-5627,RNF34,80196,MutNovel,"D323N,0.338"
X-5627,RNLS,55328,Del0.8,0.21
X-5627,RNPEPL1,57140,Del0.8,0.71
X-5627,RPA4,29935,Del0.8,0.68
X-5627,RPL10,6134,Del0.8,0.73
X-5627,RPL39,6170,Del0.8,0.73
X-5627,RPS4Y1,6192,Del0.8,0.28
X-5627,RPS4Y2,140032,Del0.8,0.2
X-5627,RTEL1,51750,MutNovel,"GE794G,0.520"
X-5627,SAG,6295,Del0.8,0.72
X-5627,SAGE1,55511,Del0.8,0.72
X-5627,SASH3,54440,Del0.8,0.73
X-5627,SBSN,374897,Amp5,5.06
X-5627,SCARNA5,677775,Del0.8,0.72
X-5627,SCARNA6,677772,Del0.8,0.72
X-5627,SCLY,51540,Del0.8,0.73
X-5627,SCO1,6341,Amp5,5.21
X-5627,SDHAF1,644096,Amp5,5.06
X-5627,SEC31A,22872,MutNovel,"K811R,0.411"
X-5627,SENP7,57337,MutKnownFunctional,"-328?,1.000"
X-5627,SEPT2,4735,Del0.8,0.71
X-5627,SEPT6,23157,Del0.8,0.73
X-5627,SEPT8,23176,MutNovel,"V274M,0.614"
X-5627,SERHL2,253190,MutNovel,"H168Q,0.500"
X-5627,SERINC2,347735,MutNovel,"-373Q,1.000"
X-5627,SETDB2,83852,Del0.8,0.23
X-5627,SGK223,157285,MutNovel,"K844R,1.000"
X-5627,SH2D1A,4068,Del0.8,0.75
X-5627,SH3BP4,23677,Del0.8,0.72
X-5627,SHISA6,388336,Amp5,5.21
X-5627,SHMT1,6470,Amp5,5.24
X-5627,SI,6476,Amp5,5.06
X-5627,SIRPB1,10326,MutNovel,"P352L,0.667"
X-5627,SLC10A3,8273,Del0.8,0.73
X-5627,SLC16A12,387700,Del0.8,0.36
X-5627,SLC16A14,151473,Del0.8,0.69
X-5627,SLC22A4,6583,MutKnownFunctional,"-505?,0.263"
X-5627,SLC25A14,9016,Del0.8,0.7
X-5627,SLC25A43,203427,Del0.8,0.73
X-5627,SLC25A5,292,Del0.8,0.73
X-5627,SLC25A5-AS1,100303728,Del0.8,0.73
X-5627,SLC35A2,7355,MutNovel,"R162H,0.785"
X-5627,SLC35F5,80255,MutKnownFunctional,"-248?,0.250"
X-5627,SLC47A1,55244,Amp5,5.24
X-5627,SLC47A2,146802,Amp5,5.24
X-5627,SLC5A10,125206,Amp5,5.24
X-5627,SLC6A14,11254,Del0.8,0.73
X-5627,SLC9A6,10479,Del0.8,0.72
X-5627,SLITRK2,84631,Del0.8,0.72
X-5627,SLITRK3,22865,Amp5,5.06
X-5627,SLITRK4,139065,Del0.8,0.72
X-5627,SMARCA1,6594,Del0.8,0.73
X-5627,SMCR5,140771,Amp5,5.24
X-5627,SMCR7,125170,Amp5,5.24
X-5627,SMCR8,140775,Amp5,5.24
X-5627,SMCR9,140776,Amp5,5.24
X-5627,SNCG,6623,Del0.8,0.71
X-5627,SNED1,25992,Del0.8,0.71
X-5627,SNORA35,677816,Del0.8,0.73
X-5627,SNORA36A,677817,Del0.8,0.73
X-5627,SNORA56,677835,Del0.8,0.73
X-5627,SNORA59B,677882,Amp5,5.24
X-5627,SNORA69,26779,Del0.8,0.73
X-5627,SNORA70,26778,Del0.8,0.73
X-5627,SNORA75,654321,Del0.8,0.69
X-5627,SNORD20,6082,Del0.8,0.69
X-5627,SNORD49A,26800,Amp5,5.24
X-5627,SNORD49B,692087,Amp5,5.24
X-5627,SNORD61,26787,Del0.8,0.72
X-5627,SNORD65,692106,Amp5,5.24
X-5627,SNORD82,25826,Del0.8,0.69
X-5627,SNORD96B,692226,Del0.8,0.72
X-5627,SOCS1,8651,MutNovel,"PAP48P,0.641"
X-5627,SOWAHD,347454,Del0.8,0.73
X-5627,SP100,6672,Del0.8,0.69
X-5627,SP110,3431,Del0.8,0.69
X-5627,SP140,11262,Del0.8,0.69
X-5627,SP140L,93349,Del0.8,0.69
X-5627,SPANXN1,494118,Del0.8,0.72
X-5627,SPANXN2,494119,Del0.8,0.72
X-5627,SPANXN3,139067,Del0.8,0.72
X-5627,SPANXN4,441525,Del0.8,0.72
X-5627,SPATA3,130560,Del0.8,0.69
X-5627,SPECC1,92521,Amp5,5.24
X-5627,SPIN4,139886,Del0.8,0.8
X-5627,SPP2,6694,Del0.8,0.72
X-5627,SPRN,503542,Del0.8,0.76
X-5627,SPRNP1,399833,Del0.8,0.76
X-5627,SPRY3,10251,Del0.8,0.78
X-5627,SPRYD7,57213,Del0.8,0.17
X-5627,SREBF1,6720,Amp5,5.24
X-5627,SRPK3,26576,Del0.8,0.73
X-5627,SRY,6736,Del0.8,0.28
X-5627,SSR4,6748,Del0.8,0.73
X-5627,ST13P4,145165,Del0.8,0.73
X-5627,STAMBPL1,57559,Del0.8,0.23
X-5627,STK25,10494,Del0.8,0.71
X-5627,STK32C,282974,Del0.8,0.76
X-5627,STK39,27347,Del0.8,0.7
X-5627,SYCE1,93426,Del0.8,0.76
X-5627,TAZ,6901,Del0.8,0.73
X-5627,TBC1D26,353149,Amp5,5.24
X-5627,TBC1D28,254272,Amp5,5.24
X-5627,TBCB,1155,Amp5,5.06
X-5627,TBL1Y,90665,Del0.8,0.28
X-5627,TCTN1,79600,MutNovel,"D15N,0.984"
X-5627,TDGF1P3,6998,Del0.8,0.72
X-5627,TEKT3,64518,Amp5,5.24
X-5627,TEX28,1527,Del0.8,0.73
X-5627,TFDP3,51270,Del0.8,0.72
X-5627,TGIF2LY,90655,Del0.8,0.28
X-5627,THAP4,51078,Del0.8,0.71
X-5627,THAP8,199745,Amp5,5.06
X-5627,THEG5,100507527,Amp5,5.74
X-5627,TIGD1,200765,Del0.8,0.72
X-5627,TIGD6,81789,MutNovel,"S472N,0.214"
X-5627,TIMM23,100287932,MutNovel,"R70W,1.000"
X-5627,TKTL1,8277,Del0.8,0.73
X-5627,TMBIM4,51643,MutKnownFunctional,"-174?,0.788"
X-5627,TMEM11,8834,Amp5,5.24
X-5627,TMEM147,10430,Amp5,5.06
X-5627,TMEM164,84187,Del0.8,0.72
X-5627,TMEM185A,84548,Del0.8,0.72
X-5627,TMEM187,8269,Del0.8,0.73
X-5627,TMEM220,388335,Amp5,5.21
X-5627,TMEM240,339453,MutNovel,"A152T,0.600"
X-5627,TMSB4Y,9087,Del0.8,0.2
X-5627,TNFAIP2,7127,MutNovel,"P147Q,0.792"
X-5627,TNFRSF13B,23495,Amp5,5.24
X-5627,TNFRSF1B,7133,MutNovel,"P348T,0.625"
X-5627,TOM1L2,146691,Amp5,5.24
X-5627,TOP3A,7156,Amp5,5.24
X-5627,TP53,7157,MutLikelyFunctional,"H193R,1.000"
X-5627,TP53RK,112858,MutNovel,"R93C,0.497"
X-5627,TRAF3IP1,26146,Del0.8,0.73
X-5627,TREX2,11219,Del0.8,0.72
X-5627,TRIM13,10206,Del0.8,0.73
X-5627,TRIM16,10626,Amp5,5.24
X-5627,TRIM16L,147166,Amp5,5.24
X-5627,TRIP12,9320,Del0.8,0.69
X-5627,TRIP4,9325,MutNovel,"V496M,0.536"
X-5627,TRPC5,7224,Del0.8,0.73
X-5627,TRPM8,79054,Del0.8,0.72
X-5627,TRPV2,51393,Amp5,5.24
X-5627,TSPY1,7258,Del0.8,0.2
X-5627,TSPY2,64591,Del0.8,0.28
X-5627,TSPY3,728137,Del0.8,0.2
X-5627,TSPY4,728395,Del0.8,0.2
X-5627,TSPY8,728403,Del0.8,0.2
X-5627,TSPYL1,7259,MutNovel,"V176VW,0.517"
X-5627,TTC19,54902,Amp5,5.24
X-5627,TTC40,54777,Del0.8,0.76
X-5627,TTTY10,246119,Del0.8,0.2
X-5627,TTTY11,83866,Del0.8,0.2
X-5627,TTTY12,83867,Del0.8,0.2
X-5627,TTTY13,83868,Del0.8,0.2
X-5627,TTTY14,83869,Del0.8,0.2
X-5627,TTTY15,64595,Del0.8,0.2
X-5627,TTTY16,252948,Del0.8,0.2
X-5627,TTTY17A,252949,Del0.8,0.29
X-5627,TTTY17A,252949,Del0.8,0.12
X-5627,TTTY18,252950,Del0.8,0.2
X-5627,TTTY19,252952,Del0.8,0.2
X-5627,TTTY1B,100101116,Del0.8,0.28
X-5627,TTTY1B,100101116,Del0.8,0.2
X-5627,TTTY2,60439,Del0.8,0.28
X-5627,TTTY2,60439,Del0.8,0.2
X-5627,TTTY20,252951,Del0.8,0.2
X-5627,TTTY21,252953,Del0.8,0.28
X-5627,TTTY21,252953,Del0.8,0.2
X-5627,TTTY22,252954,Del0.8,0.2
X-5627,TTTY23,252955,Del0.8,0.2
X-5627,TTTY23,252955,Del0.8,0.28
X-5627,TTTY3,114760,Del0.8,0.12
X-5627,TTTY3,114760,Del0.8,0.2
X-5627,TTTY4,114761,Del0.8,0.07
X-5627,TTTY4,114761,Del0.8,0.12
X-5627,TTTY5,83863,Del0.8,0.2
X-5627,TTTY6,84672,Del0.8,0.2
X-5627,TTTY6,84672,Del0.8,0.2
X-5627,TTTY7,246122,Del0.8,0.28
X-5627,TTTY7,246122,Del0.8,0.2
X-5627,TTTY7B,100101120,Del0.8,0.2
X-5627,TTTY7B,100101120,Del0.8,0.28
X-5627,TTTY8,84673,Del0.8,0.28
X-5627,TTTY8,84673,Del0.8,0.2
X-5627,TTTY9A,83864,Del0.8,0.2
X-5627,TTTY9A,83864,Del0.8,0.2
X-5627,TUBGCP2,10844,Del0.8,0.76
X-5627,TWIST2,117581,Del0.8,0.73
X-5627,TXLNG2P,246126,Del0.8,0.2
X-5627,TYROBP,7305,Amp5,5.06
X-5627,U2AF1L4,199746,Amp5,5.06
X-5627,UBB,7314,Amp5,5.24
X-5627,UBE2A,7319,Del0.8,0.73
X-5627,UBE2F,140739,Del0.8,0.73
X-5627,UBE2F-SCLY,100533179,Del0.8,0.73
X-5627,UBE2NL,389898,Del0.8,0.72
X-5627,UBL4A,8266,Del0.8,0.73
X-5627,UGT1A1,54658,Del0.8,0.72
X-5627,UGT1A10,54575,Del0.8,0.72
X-5627,UGT1A3,54659,Del0.8,0.72
X-5627,UGT1A4,54657,Del0.8,0.72
X-5627,UGT1A5,54579,Del0.8,0.72
X-5627,UGT1A6,54578,Del0.8,0.72
X-5627,UGT1A7,54577,Del0.8,0.72
X-5627,UGT1A8,54576,Del0.8,0.72
X-5627,UGT1A9,54600,Del0.8,0.72
X-5627,ULK2,9706,Amp5,5.24
X-5627,UPF3B,65109,Del0.8,0.73
X-5627,UPK1A,11045,Amp5,5.06
X-5627,UQCRFS1,7386,Amp5,5.06
X-5627,URI1,8725,Amp5,5.58
X-5627,USP22,23326,Amp5,5.24
X-5627,USP26,83844,Del0.8,0.72
X-5627,USP32P1,162632,Amp5,5.24
X-5627,USP32P2,220594,Amp5,5.24
X-5627,USP36,57602,MutNovel,"KKK958K,0.582"
X-5627,USP40,55230,Del0.8,0.72
X-5627,USP43,124739,Amp5,5.31
X-5627,USP9Y,8287,Del0.8,0.2
X-5627,UTF1,8433,Del0.8,0.76
X-5627,UTP14A,10813,Del0.8,0.73
X-5627,UTY,7404,Del0.8,0.2
X-5627,VAMP7,6845,Del0.8,0.78
X-5627,VBP1,7411,Del0.8,0.73
X-5627,VCY,9084,Del0.8,0.2
X-5627,VCY,9084,Del0.8,0.2
X-5627,VENTX,27287,Del0.8,0.76
X-5627,VGLL1,51442,Del0.8,0.72
X-5627,VMA21,203547,Del0.8,0.72
X-5627,VSTM2B,342865,Amp5,5.06
X-5627,WAPAL,23063,Del0.8,0.71
X-5627,WDR44,54521,Del0.8,0.73
X-5627,WDR62,284403,Amp5,5.06
X-5627,XKRY2,353515,Del0.8,0.2
X-5627,XKRY2,353515,Del0.8,0.2
X-5627,XPNPEP2,7512,Del0.8,0.73
X-5627,YAF2,10138,MutNovel,"S60R,0.867"
X-5627,ZBTB10,65986,MutNovel,"P665R,1.000"
X-5627,ZBTB17,7709,MutNovel,"P117L,0.608"
X-5627,ZBTB32,27033,Amp5,5.06
X-5627,ZBTB33,10009,Del0.8,0.73
X-5627,ZCCHC12,170261,Del0.8,0.73
X-5627,ZCCHC16,340595,Del0.8,0.73
X-5627,ZDHHC9,51114,Del0.8,0.73
X-5627,ZFP14,57677,Amp5,5.06
X-5627,ZFP30,22835,Amp5,5.06
X-5627,ZFP82,284406,Amp5,5.06
X-5627,ZFP92,139735,Del0.8,0.72
X-5627,ZFY,7544,Del0.8,0.28
X-5627,ZIC3,7547,Del0.8,0.71
X-5627,ZNF146,7705,Amp5,5.06
X-5627,ZNF18,7566,Amp5,5.21
X-5627,ZNF185,7739,Del0.8,0.72
X-5627,ZNF260,339324,Amp5,5.06
X-5627,ZNF275,10838,Del0.8,0.72
X-5627,ZNF280C,55609,Del0.8,0.7
X-5627,ZNF286A,57335,Amp5,5.24
X-5627,ZNF286B,729288,Amp5,5.24
X-5627,ZNF287,57336,Amp5,5.24
X-5627,ZNF345,25850,Amp5,5.06
X-5627,ZNF382,84911,Amp5,5.06
X-5627,ZNF383,163087,Amp5,5.06
X-5627,ZNF420,147923,Amp5,5.06
X-5627,ZNF449,203523,Del0.8,0.72
X-5627,ZNF461,92283,Amp5,5.06
X-5627,ZNF507,22847,Amp5,5.74
X-5627,ZNF511,118472,Del0.8,0.76
X-5627,ZNF527,84503,Amp5,5.06
X-5627,ZNF529,57711,Amp5,5.06
X-5627,ZNF536,9745,Amp5,5.58
X-5627,ZNF540,163255,Amp5,5.06
X-5627,ZNF548,147694,MutNovel,"G18S,1.000"
X-5627,ZNF565,147929,Amp5,5.06
X-5627,ZNF566,84924,Amp5,5.06
X-5627,ZNF567,163081,Amp5,5.06
X-5627,ZNF568,374900,Amp5,5.06
X-5627,ZNF569,148266,Amp5,5.06
X-5627,ZNF570,148268,Amp5,5.06
X-5627,ZNF571,51276,Amp5,5.06
X-5627,ZNF573,126231,Amp5,5.06
X-5627,ZNF585A,199704,Amp5,5.06
X-5627,ZNF585B,92285,Amp5,5.06
X-5627,ZNF607,84775,Amp5,5.06
X-5627,ZNF624,57547,Amp5,5.24
X-5627,ZNF75D,7626,Del0.8,0.72
X-5627,ZNF781,163115,Amp5,5.06
X-5627,ZNF790,388536,Amp5,5.06
X-5627,ZNF793,390927,Amp5,5.06
X-5627,ZNF829,374899,Amp5,5.06
X-5627,ZNF850,342892,Amp5,5.06
X-5627,ZSWIM7,125150,Amp5,5.24
X-5627,ZWINT,11130,MutNovel,"Q157R,1.000"